"","category","subcategory","ID","Description","GeneRatio","BgRatio","RichFactor","FoldEnrichment","zScore","pvalue","p.adjust","qvalue","geneID","Count"
"hsa05215","Human Diseases","Cancer: specific types","hsa05215","Prostate cancer","34/218","98/8847",0.346938775510204,14.079666729077,20.6943594212729,9.86043349992743e-31,2.51441054248149e-28,1.08983738683408e-28,"6716/7157/5728/1499/2064/367/354/7113/2119/2078/595/5290/4790/3480/2950/1017/2475/5594/5970/3845/207/4318/1956/5925/7039/3479/3320/673/3265/4824/2260/1026/4792/5328",34
"hsa05205","Human Diseases","Cancer: overview","hsa05205","Proteoglycans in cancer","42/218","204/8847",0.205882352941176,8.35523475445224,16.8927690856258,1.38930316749407e-27,1.77136153855494e-25,7.67772803088827e-26,"7157/7057/1499/2064/4609/595/5290/836/356/960/7422/3480/2247/1432/3091/6774/2475/7099/5594/7124/387/3845/207/4318/857/7040/4313/5747/1956/2335/3791/3479/7291/673/3265/2260/1026/79923/6093/2099/3481/5328",42
"hsa05161","Human Diseases","Infectious disease: viral","hsa05161","Hepatitis B","35/218","163/8847",0.214723926380368,8.71404851691338,15.7992961802593,1.10890319852389e-23,9.4256771874531e-22,4.08543283666698e-22,"7157/4609/3569/6885/5290/841/4790/836/637/356/1432/6774/1017/7099/5111/5594/2353/7124/5970/3845/207/4318/7046/4088/7040/5925/581/673/3265/6772/1026/4792/5609/3439/4615",35
"hsa01522","Human Diseases","Drug resistance: antineoplastic","hsa01522","Endocrine resistance","28/218","99/8847",0.282828282828283,11.4778982485405,16.6632176359296,1.27146559316006e-22,8.10559315639541e-21,3.51326019162649e-21,"7157/2064/595/1019/5290/3480/8202/4851/1432/2475/5594/2353/3845/207/4318/4313/5747/1956/5925/581/3479/673/3265/1026/5469/1029/2099/2100",28
"hsa05212","Human Diseases","Cancer: specific types","hsa05212","Pancreatic cancer","25/218","77/8847",0.324675324675325,13.1761587036816,17.056006221836,5.86695574731234e-22,2.9921474311293e-20,1.29690600730062e-20,"7157/2064/675/595/1019/5290/4790/7422/6774/2475/5594/5970/3845/207/7046/4088/7040/1956/5925/581/7039/673/6772/1026/1029",25
"hsa04933","Human Diseases","Endocrine and metabolic disease","hsa04933","AGE-RAGE signaling pathway in diabetic complications","27/218","101/8847",0.267326732673267,10.8488055227541,15.8219858598001,3.9827741833651e-21,1.69267902793017e-19,7.33668928514624e-20,"3569/595/1019/5290/3553/4790/836/7422/1432/6774/5594/5580/7124/5970/3845/207/7046/4088/7040/4313/2335/581/5054/5292/3265/7056/6772",27
"hsa05224","Human Diseases","Cancer: specific types","hsa05224","Breast cancer","31/218","148/8847",0.209459459459459,8.50040292586164,14.6252152510518,1.05871803060227e-20,3.85675854005113e-19,1.67166004831937e-19,"7157/672/5728/1499/2064/4609/675/595/1019/5290/3480/8648/8202/2247/4851/2475/5594/2353/3845/207/1956/5925/581/3479/673/3265/2260/1026/2099/2100/2248",31
"hsa05219","Human Diseases","Cancer: specific types","hsa05219","Bladder cancer","19/218","41/8847",0.463414634146341,18.8065562765719,18.1636867815722,1.90916275356377e-20,6.08545627698452e-19,2.63765906742363e-19,"7157/7057/2064/4609/595/1019/7422/999/5594/3845/4318/4313/1956/5925/673/3265/1026/1029/4312",19
"hsa05210","Human Diseases","Cancer: specific types","hsa05210","Colorectal cancer","24/218","87/8847",0.275862068965517,11.1951913951281,15.1888340207069,3.10092889387333e-19,8.78596519930778e-18,3.80815829072164e-18,"7157/1499/4609/595/5290/836/2475/5594/2353/387/3845/207/7046/4088/7040/1956/581/7039/5366/673/3265/4292/4436/1026",24
"hsa05163","Human Diseases","Infectious disease: viral","hsa05163","Human cytomegalovirus infection","35/218","226/8847",0.154867256637168,6.28491109848177,12.7918854872379,8.91057695443656e-19,2.27219712338132e-17,9.84853242332462e-18,"7157/1499/3579/4609/3569/5743/595/1019/5290/841/3553/4790/836/637/356/7422/1432/6774/2475/5594/7124/5970/387/3845/207/5747/1956/5925/581/3265/1026/4792/1029/6093/3439",35
"hsa05417","Human Diseases","Cardiovascular disease","hsa05417","Lipid and atherosclerosis","34/218","216/8847",0.157407407407407,6.38799694189603,12.7422211312199,1.7417438515941e-18,4.03767892869542e-17,1.75007755423331e-17,"7157/3569/6885/5290/841/3553/4790/5468/836/637/356/6648/1432/6774/7099/5594/2353/7124/5970/387/3845/207/4318/5747/1543/581/3309/3320/3265/4792/5609/3439/4615/4312",34
"hsa05218","Human Diseases","Cancer: specific types","hsa05218","Melanoma","21/218","73/8847",0.287671232876712,11.6744376021113,14.5555659960352,2.24521648676741e-17,4.77108503438074e-16,2.06796255360156e-16,"7157/5728/595/1019/5290/3480/2247/999/5594/3845/207/1956/5925/581/3479/673/3265/2260/1026/1029/2248",21
"hsa05167","Human Diseases","Infectious disease: viral","hsa05167","Kaposi sarcoma-associated herpesvirus infection","31/218","196/8847",0.158163265306122,6.4186715970792,12.1929611644188,5.61395353694312e-17,1.10119857840038e-15,4.77299693424314e-16,"7157/1499/4609/3569/5743/595/1019/5290/841/4790/836/637/7422/2247/1432/3091/6774/2475/5594/2353/5970/3845/207/5925/581/3265/6772/1026/4792/5609/3439",31
"hsa05225","Human Diseases","Cancer: specific types","hsa05225","Hepatocellular carcinoma","29/218","170/8847",0.170588235294118,6.92290879654614,12.3935632361157,7.54522823089597e-17,1.37430942777034e-15,5.95675912965471e-16,"7157/5728/1499/4609/595/1019/5290/3480/8289/2950/6597/6595/2475/5594/3845/207/7046/4088/7040/1956/5925/581/7039/6605/673/3265/1026/1029/3481",29
"hsa05160","Human Diseases","Infectious disease: viral","hsa05160","Hepatitis C","28/218","159/8847",0.176100628930818,7.14661589060066,12.4307178847163,1.12973905963924e-16,1.9205564013867e-15,8.32439307102595e-16,"7157/1499/4609/595/1019/5290/841/4790/836/637/356/6774/6041/1017/5594/7124/5970/3845/207/1956/5925/581/673/3265/6772/1026/4792/3439",28
"hsa04151","Environmental Information Processing","Signal transduction","hsa04151","PI3K-Akt signaling pathway","40/218","362/8847",0.110497237569061,4.48426174666734,10.7587202394591,4.81474171785678e-16,7.67349461283424e-15,3.3259728972037e-15,"7157/672/7057/5728/2064/5934/4609/3569/3914/595/1019/5290/4790/356/7422/3480/2247/4602/1017/2475/7099/5594/5970/3845/207/5747/2264/1956/2335/7039/3791/3667/3479/3320/3265/2260/1026/3481/3439/2248",40
"hsa04218","Cellular Processes","Cell growth and death","hsa04218","Cellular senescence","27/218","157/8847",0.171974522292994,6.97916788406475,12.0144021745325,7.70077122158487e-16,1.15511568323773e-14,5.00669336387871e-15,"7157/5728/5934/4609/3569/595/1019/5290/4790/1432/1017/2475/8878/5594/5970/3845/207/7046/4088/7040/11200/5925/5054/3265/4683/1026/1029",27
"hsa04068","Environmental Information Processing","Signal transduction","hsa04068","FoxO signaling pathway","25/218","133/8847",0.18796992481203,7.62830240739463,12.2416747583725,1.10472275621824e-15,1.5650239046425e-14,6.78338534519969e-15,"5728/5934/3569/595/5290/356/6648/3480/1432/6774/1017/5594/3845/207/7046/4088/7040/3586/1956/3667/3479/664/673/3265/1026",25
"hsa05220","Human Diseases","Cancer: specific types","hsa05220","Chronic myeloid leukemia","20/218","77/8847",0.25974025974026,10.5409269629453,13.364650839585,1.21572393276591e-15,1.63162948871214e-14,7.07207827924766e-15,"7157/4609/595/1019/5290/4790/5594/5970/3845/207/7046/4088/7040/5925/581/673/3265/1026/4792/1029",20
"hsa05213","Human Diseases","Cancer: specific types","hsa05213","Endometrial cancer","18/218","59/8847",0.305084745762712,12.3811226869849,13.9407958217304,1.47475690325651e-15,1.88031505165205e-14,8.14997236010178e-15,"7157/5728/1499/2064/4609/595/5290/999/5594/3845/207/3611/1956/581/673/3265/4292/1026",18
"hsa05206","Human Diseases","Cancer: overview","hsa05206","MicroRNAs in cancer","36/218","312/8847",0.115384615384615,4.68260409315455,10.5257256396884,4.39013947280627e-15,5.33088364555046e-14,2.31059972252961e-14,"7157/672/7057/5728/2064/407014/4609/5743/595/5290/4790/836/960/7422/4851/6774/2475/5594/387/3845/648/2146/4318/6624/406985/1956/7431/3667/406937/5292/3265/8626/1026/1029/6093/5328",36
"hsa05223","Human Diseases","Cancer: specific types","hsa05223","Non-small cell lung cancer","19/218","73/8847",0.26027397260274,10.5625864019103,13.0394558152893,6.20526873782597e-15,7.19247058248011e-14,3.1174795094341e-14,"7157/2064/595/1019/5290/238/6774/5594/3845/207/1956/5925/581/7039/673/3265/1026/1029/2272",19
"hsa05214","Human Diseases","Cancer: specific types","hsa05214","Glioma","19/218","76/8847",0.25,10.1456422018349,12.7267621378529,1.39688182471459e-14,1.54871680566182e-13,6.71270442082525e-14,"7157/5728/595/1019/5290/3480/2475/5594/3845/207/1956/5925/581/7039/3479/673/3265/1026/1029",19
"hsa05235","Human Diseases","Cancer: overview","hsa05235","PD-L1 expression and PD-1 checkpoint pathway in cancer","20/218","90/8847",0.222222222222222,9.01834862385321,12.1520624965778,3.17574741635403e-14,3.37423162987616e-13,1.46251525753146e-13,"5728/5290/238/4790/1432/3091/6774/2475/7099/5594/2353/5970/3845/207/1956/3265/6772/29126/4792/4615",20
"hsa01521","Human Diseases","Drug resistance: antineoplastic","hsa01521","EGFR tyrosine kinase inhibitor resistance","19/218","80/8847",0.2375,9.63836009174312,12.3359407217232,3.88137535356744e-14,3.95900286063879e-13,1.7159764721035e-13,"5728/2064/3569/5290/7422/3480/2247/6774/2475/5594/3845/207/1956/581/7039/3791/3479/673/3265",19
"hsa05418","Human Diseases","Cardiovascular disease","hsa05418","Fluid shear stress and atherosclerosis","24/218","141/8847",0.170212765957447,6.90767128635565,11.2392680009484,4.37395084539379e-14,4.2898364060593e-13,1.85937181686781e-13,"7157/1499/6885/5290/3553/4790/7422/2950/1432/8878/2353/7124/5970/387/207/4318/857/4313/5747/7295/3791/3320/7056/5609",24
"hsa05222","Human Diseases","Cancer: specific types","hsa05222","Small cell lung cancer","20/218","93/8847",0.21505376344086,8.72743415211601,11.906798277295,6.20867254236838e-14,5.86374629001458e-13,2.54156185944904e-13,"7157/5728/4609/5743/3914/595/1019/5290/4790/836/1017/5970/207/5747/2335/5925/581/1026/4792/2272",20
"hsa01524","Human Diseases","Drug resistance: antineoplastic","hsa01524","Platinum drug resistance","18/218","75/8847",0.24,9.73981651376147,12.0810620531846,1.5379055603643e-13,1.3522962685962e-12,5.86134605583491e-13,"7157/672/2064/2067/5290/841/836/637/356/2950/5594/207/581/5366/4292/4436/1026/1029",18
"hsa04115","Cellular Processes","Cell growth and death","hsa04115","p53 signaling pathway","18/218","75/8847",0.24,9.73981651376147,12.0810620531846,1.5379055603643e-13,1.3522962685962e-12,5.86134605583491e-13,"7157/7057/5728/595/1019/841/836/637/1017/3732/11200/581/5054/3479/5366/1026/2810/1029",18
"hsa05226","Human Diseases","Cancer: specific types","hsa05226","Gastric cancer","24/218","150/8847",0.16,6.49321100917431,10.784714585056,1.81536772310311e-13,1.54306256463764e-12,6.68819687459041e-13,"7157/1499/2064/4609/595/5290/2247/999/1017/2475/5594/3845/207/7046/4088/7040/1956/5925/581/673/3265/4292/1026/2248",24
"hsa04010","Environmental Information Processing","Signal transduction","hsa04010","MAPK signaling pathway","33/218","300/8847",0.11,4.46408256880734,9.70204959629945,2.749140587593e-13,2.26138983818134e-12,9.80168970109558e-13,"7157/2064/4609/6885/3553/4790/836/356/7422/3480/2247/1432/5594/2353/7124/5970/3845/1848/207/7046/7040/2264/1956/7039/3791/3479/673/3265/2260/5609/3481/4615/2248",33
"hsa05162","Human Diseases","Infectious disease: viral","hsa05162","Measles","23/218","139/8847",0.165467625899281,6.71510131344466,10.7942781139364,2.85449616374471e-13,2.27467663048406e-12,9.85927951293402e-13,"7157/3569/595/1019/6885/5290/841/3553/4790/836/637/356/6774/1017/7099/2353/5970/207/581/6772/4792/3439/4615",23
"hsa05169","Human Diseases","Infectious disease: viral","hsa05169","Epstein-Barr virus infection","27/218","203/8847",0.133004926108374,5.3976815655082,10.074787594581,5.22019210035574e-13,4.03378480482034e-12,1.74838969868374e-12,"7157/4609/3569/595/1019/6885/5290/841/4790/836/637/960/1432/6774/1017/7124/5970/207/5925/581/7431/6772/1026/4792/5609/3439/4615",27
"hsa05216","Human Diseases","Cancer: specific types","hsa05216","Thyroid cancer","13/218","37/8847",0.351351351351351,14.2587403917679,12.8450753080913,1.82680513566895e-12,1.37010385175171e-11,5.93853062678761e-12,"7157/1499/4609/595/5468/999/5594/3845/581/673/8030/3265/1026",13
"hsa05142","Human Diseases","Infectious disease: parasitic","hsa05142","Chagas disease","19/218","103/8847",0.184466019417476,7.48610492562572,10.5237128077962,4.99053197301398e-12,3.63595900891019e-11,1.57595746516231e-11,"3569/5290/841/3553/4790/356/1432/7099/5594/2353/7124/5970/207/7046/7040/3586/5054/4792/4615",19
"hsa04917","Organismal Systems","Endocrine system","hsa04917","Prolactin signaling pathway","16/218","71/8847",0.225352112676056,9.14536761855537,10.9524943210006,1.02957323825628e-11,7.29281043764863e-11,3.16097046833067e-11,"595/5290/4790/1432/6774/5594/2353/5970/3845/207/3265/6772/2001/2099/2100/1586",16
"hsa04210","Cellular Processes","Cell growth and death","hsa04210","Apoptosis","21/218","136/8847",0.154411764705882,6.26642606583918,9.83723211071122,1.29612462589865e-11,8.93275080011232e-11,3.87178053255642e-11,"7157/5290/841/4790/836/637/356/142/5594/2353/7124/5970/3845/207/581/153090/9131/5366/3265/4792/1508",21
"hsa04066","Environmental Information Processing","Signal transduction","hsa04066","HIF-1 signaling pathway","19/218","109/8847",0.174311926605505,7.07402575540779,10.1415733880392,1.42467235173576e-11,9.56030130770052e-11,4.14378384853892e-11,"7076/2064/3569/5290/4790/7422/3480/3091/6774/2475/7099/5594/5970/207/1956/7428/5054/3479/1026",19
"hsa05135","Human Diseases","Infectious disease: bacterial","hsa05135","Yersinia infection","21/218","138/8847",0.152173913043478,6.17560829676905,9.73953624527732,1.72890191076039e-11,1.13043586472795e-10,4.8997220143007e-11,"3569/6885/5290/3553/4790/1432/7099/5594/2353/7124/5970/387/207/5747/3586/2335/925/4792/5609/6093/4615",21
"hsa05165","Human Diseases","Infectious disease: viral","hsa05165","Human papillomavirus infection","32/218","333/8847",0.0960960960960961,3.89982643193652,8.57331494007488,2.5630922217951e-11,1.63397129139438e-10,7.08222850759172e-11,"7157/7057/5728/1499/5934/5743/3914/595/1019/5290/841/4790/836/356/7422/4851/1017/2475/5594/7124/5970/3845/207/5747/1956/2335/5925/581/3265/6772/1026/3439",32
"hsa05166","Human Diseases","Infectious disease: viral","hsa05166","Human T-cell leukemia virus 1 infection","26/218","223/8847",0.116591928251121,4.73159995063151,8.97045797786041,3.09367949259379e-11,1.92411773319858e-10,8.33982918414243e-11,"7157/5728/4609/3569/595/1019/5290/4790/1017/5594/2353/7124/5970/3845/207/7046/4088/7040/11200/5925/581/3265/1026/4316/4792/1029",26
"hsa04550","Cellular Processes","Cellular community - eukaryotes","hsa04550","Signaling pathways regulating pluripotency of stem cells","21/218","144/8847",0.145833333333333,5.91829128440367,9.45763349815485,3.98061695649867e-11,2.41680315215991e-10,1.04753077802597e-10,"1499/4609/5290/3397/3480/2247/1432/6774/5594/3845/648/207/4088/2264/5462/3479/6657/3265/2260/79923/3400",21
"hsa05202","Human Diseases","Cancer: overview","hsa05202","Transcriptional misregulation in cancer","24/218","193/8847",0.124352331606218,5.04653705376242,9.03389857661404,4.787608859863e-11,2.83916339363968e-10,1.23059713656209e-10,"7157/4609/2115/7113/2119/2118/2078/3569/4005/4790/5468/3480/5970/648/1848/4318/5747/7490/4613/3087/581/3479/1026/5328",24
"hsa04625","Organismal Systems","Immune system","hsa04625","C-type lectin receptor signaling pathway","18/218","105/8847",0.171428571428571,6.95701179554391,9.7597611274703,6.7101862389191e-11,3.88885793391902e-10,1.68557309829307e-10,"3569/5743/5290/841/3553/4790/1432/5594/5580/7124/5970/387/3845/207/3586/3265/6772/4792",18
"hsa04668","Environmental Information Processing","Signal transduction","hsa04668","TNF signaling pathway","19/218","119/8847",0.159663865546218,6.47956980957521,9.56497977232071,7.04529977840941e-11,3.99233654109867e-10,1.73042450697775e-10,"3569/5743/6885/5290/841/3553/4790/836/4323/1432/5594/2353/7124/5970/207/4318/153090/4792/5609",19
"hsa04620","Organismal Systems","Immune system","hsa04620","Toll-like receptor signaling pathway","18/218","109/8847",0.165137614678899,6.70170861038633,9.51992939081075,1.28025546234977e-10,7.09706832389545e-10,3.07612868527976e-10,"3569/6885/5290/841/3553/4790/1432/7099/5594/2353/7124/5970/207/6772/4792/5609/3439/4615",18
"hsa04936","Human Diseases","Endocrine and metabolic disease","hsa04936","Alcoholic liver disease","20/218","144/8847",0.138888888888889,5.63646788990826,8.91570089957215,2.92221058922055e-10,1.58545468138562e-09,6.87193979547945e-10,"1499/3569/595/6885/2194/841/3553/4790/836/356/1432/7099/7124/5970/207/4792/5609/3439/4615/10645",20
"hsa04926","Organismal Systems","Endocrine system","hsa04926","Relaxin signaling pathway","19/218","130/8847",0.146153846153846,5.93129851799577,9.00266161417839,3.40581473165577e-10,1.80933907619213e-09,7.84233655315472e-10,"1910/5290/4790/7422/1432/5594/2353/5970/3845/207/4318/7046/7040/4313/1956/3265/4792/5609/4312",19
"hsa05140","Human Diseases","Infectious disease: parasitic","hsa05140","Leishmaniasis","15/218","77/8847",0.194805194805195,7.90569522220898,9.67329545733387,4.23428794658899e-10,2.2035580130208e-09,9.55102544343381e-10,"5743/6885/3553/4790/1432/7099/5594/2353/7124/5970/7040/3586/6772/4792/4615",15
"hsa05207","Human Diseases","Cancer: overview","hsa05207","Chemical carcinogenesis - receptor activation","24/218","215/8847",0.111627906976744,4.53014721570301,8.32871134882235,4.6537308776861e-10,2.37340274761991e-09,1.02871945717272e-09,"367/7367/4609/7421/595/5290/4790/7422/2247/6774/2475/5594/2353/5970/3845/207/1543/1956/5925/3320/3265/2099/2100/2248",24
"hsa05221","Human Diseases","Cancer: specific types","hsa05221","Acute myeloid leukemia","14/218","68/8847",0.205882352941176,8.35523475445224,9.67720520096009,7.62455661516371e-10,3.81227830758185e-09,1.65238069059275e-09,"4609/595/5290/4790/6774/2475/5594/5970/3845/1848/207/673/5292/3265",14
"hsa04659","Organismal Systems","Immune system","hsa04659","Th17 cell differentiation","17/218","108/8847",0.157407407407407,6.38799694189603,8.95426263591089,9.26144337167228e-10,4.5416693457239e-09,1.96852541300727e-09,"3569/3553/4790/1432/3091/6774/2475/5594/2353/5970/7046/4088/7040/3320/2625/6772/4792",17
"hsa04657","Organismal Systems","Immune system","hsa04657","IL-17 signaling pathway","16/218","95/8847",0.168421052631579,6.83495895702559,9.08798148440144,1.05180051179582e-09,5.06054963222515e-09,2.19342708517499e-09,"3569/5743/6885/841/3553/4790/836/1432/5594/2353/7124/5970/4318/3320/4792/4312",16
"hsa05164","Human Diseases","Infectious disease: viral","hsa05164","Influenza A","21/218","172/8847",0.122093023255814,4.95484851717517,8.32493430247368,1.17377749062368e-09,5.54283815016736e-09,2.40246854806016e-09,"7113/3569/1019/5290/841/3553/4790/836/637/356/6041/7099/5594/7124/5970/207/581/6772/4792/3439/4615",21
"hsa05145","Human Diseases","Infectious disease: parasitic","hsa05145","Toxoplasmosis","17/218","111/8847",0.153153153153153,6.21534837589883,8.78840333787867,1.43557117795782e-09,6.65583000689534e-09,2.88487987914968e-09,"3914/6885/841/4790/836/1432/6774/7099/5594/7124/5970/207/7040/3586/6772/4792/4615",17
"hsa05170","Human Diseases","Infectious disease: viral","hsa05170","Human immunodeficiency virus 1 infection","23/218","213/8847",0.107981220657277,4.38215531722445,7.94143173474273,2.11820700817989e-09,9.61282556626395e-09,4.1665497810432e-09,"6885/5290/841/4790/836/637/356/1432/2475/7099/5594/2353/7124/5970/3845/207/5747/581/3265/4792/5609/3439/4615",23
"hsa04012","Environmental Information Processing","Signal transduction","hsa04012","ErbB signaling pathway","15/218","86/8847",0.174418604651163,7.07835502453595,9.00284821266376,2.14874924422371e-09,9.61282556626395e-09,4.1665497810432e-09,"2064/4609/5290/2475/5594/3845/207/5747/1956/7039/673/3265/1026/5609/145957",15
"hsa05132","Human Diseases","Infectious disease: bacterial","hsa05132","Salmonella infection","25/218","251/8847",0.099601593625498,4.04208852662743,7.77109083327255,2.21385077279304e-09,9.73330943210732e-09,4.21877189007748e-09,"1499/4609/3569/6885/5290/841/3553/4790/836/1432/83547/7099/5594/2353/7124/5970/387/207/7295/581/3320/3265/4792/5609/4615",25
"hsa05152","Human Diseases","Infectious disease: bacterial","hsa05152","Tuberculosis","21/218","180/8847",0.116666666666667,4.73463302752294,8.04583769873879,2.71838706108132e-09,1.17489610267074e-08,5.09242892798464e-09,"7421/3569/841/3553/4790/836/637/1432/7099/5594/7124/5970/387/207/7040/3586/581/8877/6772/3439/4615",21
"hsa04211","Organismal Systems","Aging","hsa04211","Longevity regulating pathway","15/218","90/8847",0.166666666666667,6.76376146788991,8.73516391701946,4.13998542334899e-09,1.75949380492332e-08,7.62628893774815e-09,"7157/5290/4790/5468/6648/3480/2475/5970/3845/207/581/3667/3479/3265/10645",15
"hsa04510","Cellular Processes","Cellular community - eukaryotes","hsa04510","Focal adhesion","22/218","203/8847",0.108374384236453,4.39811090522891,7.78483959855657,4.52652420277845e-09,1.89223552739099e-08,8.20164005680305e-09,"7057/5728/1499/2064/3914/595/5290/7422/3480/5594/387/207/857/5747/3611/1956/2335/3791/3479/673/3265/6093",22
"hsa04722","Organismal Systems","Nervous system","hsa04722","Neurotrophin signaling pathway","17/218","120/8847",0.141666666666667,5.74919724770642,8.32529866122638,4.91573008062008e-09,2.02179221057761e-08,8.76318605203919e-09,"7157/5290/4790/356/1432/5594/5580/5970/387/3845/207/581/3667/673/3265/4792/5609",17
"hsa05203","Human Diseases","Cancer: overview","hsa05203","Viral carcinogenesis","22/218","205/8847",0.107317073170732,4.3552025061535,7.72520507061288,5.44216565247425e-09,2.20278133552529e-08,9.54765903942852e-09,"7157/5934/595/1019/5290/841/4790/836/6774/1017/10013/5594/5970/387/3845/5925/581/5366/3265/1026/4792/1029",22
"hsa04071","Environmental Information Processing","Signal transduction","hsa04071","Sphingolipid signaling pathway","17/218","122/8847",0.139344262295082,5.65494811249812,8.22874343704664,6.3617180220469e-09,2.45793650851812e-08,1.06535947737628e-08,"7157/5728/5290/4790/637/1432/5594/7124/5970/387/3845/207/581/8879/8877/3265/6093",17
"hsa04660","Organismal Systems","Immune system","hsa04660","T cell receptor signaling pathway","17/218","122/8847",0.139344262295082,5.65494811249812,8.22874343704664,6.3617180220469e-09,2.45793650851812e-08,1.06535947737628e-08,"1019/6885/5290/4790/1432/5594/2353/7124/5970/387/3845/207/3586/3265/925/4792/5609",17
"hsa04919","Organismal Systems","Endocrine system","hsa04919","Thyroid hormone signaling pathway","17/218","122/8847",0.139344262295082,5.65494811249812,8.22874343704664,6.3617180220469e-09,2.45793650851812e-08,1.06535947737628e-08,"7157/1499/4609/595/5290/8648/8202/4851/3091/2475/5594/3845/207/3265/6772/5469/2099",17
"hsa04520","Cellular Processes","Cellular community - eukaryotes","hsa04520","Adherens junction","15/218","93/8847",0.161290322580645,6.54557561408701,8.54488681088787,6.61465509585787e-09,2.51751798424441e-08,1.09118426561677e-08,"1499/2064/6885/3480/1500/999/5594/387/7046/4088/1956/6615/6591/2260/6093",15
"hsa05131","Human Diseases","Infectious disease: bacterial","hsa05131","Shigellosis","24/218","249/8847",0.0963855421686747,3.91157289709296,7.40713228761347,9.12647888809644e-09,3.42242958303617e-08,1.48340601122311e-08,"7157/6885/5290/3553/4790/960/1432/2475/7099/8878/5594/5580/7124/5970/387/207/5747/3611/1956/581/664/4792/6093/4615",24
"hsa04015","Environmental Information Processing","Signal transduction","hsa04015","Rap1 signaling pathway","22/218","212/8847",0.10377358490566,4.21139864981825,7.52233135178427,1.01843497467283e-08,3.76378142813871e-08,1.63136037132947e-08,"7057/1499/5290/7422/3397/3480/2247/1500/999/1432/5594/387/3845/207/2264/1956/3791/3479/673/3265/2260/2248",22
"hsa05230","Human Diseases","Cancer: overview","hsa05230","Central carbon metabolism in cancer","13/218","71/8847",0.183098591549296,7.43061119007624,8.64678377184949,1.42130771477542e-08,5.1776209609676e-08,2.24417007596119e-08,"7157/5728/2064/4609/5290/3091/2475/5594/3845/207/1956/3265/2260",13
"hsa05208","Human Diseases","Cancer: overview","hsa05208","Chemical carcinogenesis - reactive oxygen species","22/218","226/8847",0.0973451327433628,3.95051554761711,7.14158787349811,3.2979178942505e-08,1.1844634690618e-07,5.13389738912236e-08,"5728/4513/5290/4790/7422/6648/1432/3091/5594/5580/2353/5970/3845/207/5747/1543/1956/673/3265/8644/4792/5609",22
"hsa04621","Organismal Systems","Immune system","hsa04621","NOD-like receptor signaling pathway","20/218","189/8847",0.105820105820106,4.29445172564439,7.27657046423698,3.55571002275443e-08,1.25931396639219e-07,5.45832678931601e-08,"3569/6885/841/3553/4790/1432/6041/7099/5594/5580/7124/5970/387/7295/3320/6772/4792/1508/3439/4615",20
"hsa05133","Human Diseases","Infectious disease: bacterial","hsa05133","Pertussis","13/218","78/8847",0.166666666666667,6.76376146788991,8.12642900268056,4.63155794753008e-08,1.61787298167147e-07,7.01245255213639e-08,"3569/3553/4790/836/1432/7099/5594/2353/7124/5970/387/3586/4615",13
"hsa05321","Human Diseases","Immune disease","hsa05321","Inflammatory bowel disease","12/218","65/8847",0.184615384615385,7.49216654904728,8.3497042791914,4.72066852545846e-08,1.62671685674582e-07,7.05078513759798e-08,"3569/3553/4790/6774/7099/7124/5970/4088/7040/3586/2625/6772",12
"hsa04932","Human Diseases","Endocrine and metabolic disease","hsa04932","Non-alcoholic fatty liver disease","18/218","157/8847",0.114649681528662,4.6527785893765,7.33980913033946,5.13858547542736e-08,1.7471190616453e-07,7.57265227957716e-08,"4513/3569/5290/841/3553/4790/5468/836/637/356/1432/2353/7124/5970/207/7040/581/3667",18
"hsa04380","Organismal Systems","Development and regeneration","hsa04380","Osteoclast differentiation","17/218","142/8847",0.119718309859155,4.85847654735754,7.36710957075312,6.4485667685366e-08,2.16366384996952e-07,9.37810956643135e-08,"6885/5290/3553/4790/5468/1432/8878/5594/2353/7124/5970/207/7046/7040/6772/4792/5609",17
"hsa05134","Human Diseases","Infectious disease: bacterial","hsa05134","Legionellosis","11/218","56/8847",0.196428571428571,7.97157601572739,8.31816097026986,8.88738676061916e-08,2.94322548565959e-07,1.2757014488927e-07,"3569/841/3553/4790/836/7099/7124/5970/664/4792/4615",11
"hsa05211","Human Diseases","Cancer: specific types","hsa05211","Renal cell carcinoma","12/218","70/8847",0.171428571428571,6.95701179554391,7.9529071243549,1.11862340934432e-07,3.65703806901027e-07,1.58509389988061e-07,"5290/7422/3091/5594/3845/207/7040/7039/7428/673/3265/1026",12
"hsa04370","Environmental Information Processing","Signal transduction","hsa04370","VEGF signaling pathway","11/218","60/8847",0.183333333333333,7.4401376146789,7.95558168732468,1.87579074350388e-07,6.05476758979099e-07,2.62435746925925e-07,"5743/5290/7422/1432/5594/3845/207/5747/3791/8877/3265",11
"hsa04915","Organismal Systems","Endocrine system","hsa04915","Estrogen signaling pathway","16/218","139/8847",0.115107913669065,4.67137482674411,6.93423244259075,2.76252335813323e-07,8.80554320404967e-07,3.81664411321038e-07,"5290/8648/8202/5594/5580/2353/3845/207/4318/4313/1956/7039/3320/3265/2099/2100",16
"hsa05146","Human Diseases","Infectious disease: parasitic","hsa05146","Amoebiasis","13/218","103/8847",0.12621359223301,5.1220717912176,6.68806628960098,1.30543530245774e-06,4.10970372995955e-06,1.78129573434779e-06,"3569/3914/5290/3553/4790/836/7099/7124/5970/7040/5747/3586/2335",13
"hsa04014","Environmental Information Processing","Signal transduction","hsa04014","Ras signaling pathway","20/218","238/8847",0.0840336134453782,3.41029989977642,5.99107404479223,1.53238050894702e-06,4.76532963148159e-06,2.06546795172577e-06,"5290/4790/356/7422/3480/2247/5594/5970/387/3845/207/2264/1956/7039/3791/3479/3265/2260/3481/2248",20
"hsa05130","Human Diseases","Infectious disease: bacterial","hsa05130","Pathogenic Escherichia coli infection","18/218","203/8847",0.0886699507389163,3.59845437700547,5.95288120173704,2.43538379754935e-06,7.48220323343474e-06,3.24306022501815e-06,"3569/6885/841/3553/4790/836/356/1432/7099/5594/2353/7124/5970/387/581/4792/6093/4615",18
"hsa04913","Organismal Systems","Endocrine system","hsa04913","Ovarian steroidogenesis","9/218","51/8847",0.176470588235294,7.16162978953049,7.01389981929874,3.5146955658275e-06,1.06696115391192e-05,4.6245994287204e-06,"3283/5743/3480/1543/3284/3479/8644/1586/1588",9
"hsa04140","Cellular Processes","Transport and catabolism","hsa04140","Autophagy - animal","16/218","169/8847",0.0946745562130177,3.84213669181912,5.9292528445192,3.85969199739703e-06,1.15790759921911e-05,5.01879454769893e-06,"5728/6885/5290/3480/3091/2475/8878/5594/5580/3845/207/3667/664/3265/1508/10645",16
"hsa05171","Human Diseases","Infectious disease: viral","hsa05171","Coronavirus disease - COVID-19","19/218","238/8847",0.0798319327731092,3.2397849047876,5.56723966599971,6.02591934886157e-06,1.78675515576709e-05,7.74444959156016e-06,"7113/3569/6885/5290/3553/4790/1432/6774/7099/5594/2353/7124/5970/1956/6772/4792/3439/4615/4312",19
"hsa04935","Organismal Systems","Endocrine system","hsa04935","Growth hormone synthesis, secretion and action","13/218","122/8847",0.10655737704918,4.32437208602797,5.87662941113284,8.86462259314218e-06,2.59825144971409e-05,1.12617709894728e-05,"5290/1432/6774/2475/5594/2353/3845/207/5747/3667/3479/3265/6772",13
"hsa04931","Human Diseases","Endocrine and metabolic disease","hsa04931","Insulin resistance","12/218","109/8847",0.110091743119266,4.46780574025755,5.7900654074399,1.4143644070525e-05,4.09844231589077e-05,1.77641462608269e-05,"5728/3569/5290/4790/6774/2475/5580/7124/5970/207/3667/4792",12
"hsa04213","Organismal Systems","Aging","hsa04213","Longevity regulating pathway - multiple species","9/218","62/8847",0.145161290322581,5.89101805267831,6.14250767016379,1.85263519458057e-05,5.30811207436006e-05,2.30072969167309e-05,"5290/6648/3480/2475/3845/207/3667/3479/3265",9
"hsa04062","Organismal Systems","Immune system","hsa04062","Chemokine signaling pathway","16/218","193/8847",0.0829015544041451,3.36435803584161,5.27843200514767,2.10238628103911e-05,5.95676112961081e-05,2.5818778889954e-05,"3579/5290/4790/6774/5594/5580/5970/387/3845/207/5747/673/3265/6772/4792/6093",16
"hsa05144","Human Diseases","Infectious disease: parasitic","hsa05144","Malaria","8/218","50/8847",0.16,6.49321100917431,6.19106648379143,2.63173324847997e-05,7.37463712486146e-05,3.1964371439028e-05,"7057/3569/3553/7099/7124/7040/3586/4615",8
"hsa04934","Human Diseases","Endocrine and metabolic disease","hsa04934","Cushing syndrome","14/218","155/8847",0.0903225806451613,3.66552234388872,5.32120263489708,2.69362863110254e-05,7.4660358796864e-05,3.23605270326965e-05,"1499/3283/595/1019/1017/5594/1956/5925/3284/673/1026/1395/1029/1586",14
"hsa05143","Human Diseases","Infectious disease: parasitic","hsa05143","African trypanosomiasis","7/218","37/8847",0.189189189189189,7.67778328787503,6.46944028537774,2.74831246383718e-05,7.53569546536001e-05,3.26624571253994e-05,"3569/3553/356/7124/3586/3250/4615",7
"hsa04110","Cellular Processes","Cell growth and death","hsa04110","Cell cycle","14/218","158/8847",0.0886075949367089,3.59592381837185,5.23307631180473,3.33967459482513e-05,8.96438970189904e-05,3.88549398843921e-05,"7157/5934/4609/595/1019/1017/5111/4088/7040/11200/5925/1026/2810/1029",14
"hsa04150","Environmental Information Processing","Signal transduction","hsa04150","mTOR signaling pathway","14/218","158/8847",0.0886075949367089,3.59592381837185,5.23307631180473,3.33967459482513e-05,8.96438970189904e-05,3.88549398843921e-05,"5728/5290/3480/2475/5594/7124/387/3845/207/3667/3479/673/3265/10641",14
"hsa04217","Cellular Processes","Cell growth and death","hsa04217","Necroptosis","14/218","159/8847",0.0880503144654088,3.57330794530033,5.204175056301,3.58336821488916e-05,9.51832182079932e-05,4.12558840530002e-05,"841/3553/637/356/142/6774/7099/8878/7124/581/9131/3320/6772/3439",14
"hsa05415","Human Diseases","Cardiovascular disease","hsa05415","Diabetic cardiomyopathy","16/218","205/8847",0.0780487804878049,3.16742000447527,4.99038850203879,4.41502591702251e-05,0.000115056624367175,4.98697443077539e-05,"5728/4513/5290/4790/142/1432/2475/5580/5970/207/4318/7046/4088/7040/4313/3667",16
"hsa04152","Environmental Information Processing","Signal transduction","hsa04152","AMPK signaling pathway","12/218","122/8847",0.0983606557377049,3.99172807941044,5.28860090465439,4.42178399528752e-05,0.000115056624367175,4.98697443077539e-05,"595/6885/5290/2194/5468/3480/2475/207/3667/3479/2203/10645",12
"hsa04920","Organismal Systems","Endocrine system","hsa04920","Adipocytokine signaling pathway","9/218","70/8847",0.128571428571429,5.21775884665793,5.63091790509609,5.00700912995356e-05,0.000128968416983652,5.58996234604065e-05,"4790/6774/2475/7124/5970/207/3667/4792/10645",9
"hsa04064","Environmental Information Processing","Signal transduction","hsa04064","NF-kappa B signaling pathway","11/218","105/8847",0.104761904761905,4.25150720838794,5.32715642461081,5.15919270109894e-05,0.000131559413878023,5.70226561700409e-05,"5743/6885/3553/4790/142/7099/7124/5970/4792/4615/5328",11
"hsa04630","Environmental Information Processing","Signal transduction","hsa04630","JAK-STAT signaling pathway","14/218","168/8847",0.0833333333333333,3.38188073394495,4.95406029616476,6.57964777933333e-05,0.000166119820171287,7.2002398835852e-05,"4609/3569/595/5290/6774/2475/207/3586/1956/5292/3265/6772/1026/3439",14
"hsa04350","Environmental Information Processing","Signal transduction","hsa04350","TGF-beta signaling pathway","11/218","108/8847",0.101851851851852,4.13340978593272,5.20738494690043,6.69656115565535e-05,0.000167414028891384,7.2563356175832e-05,"7057/4609/3397/5594/7124/387/7046/4088/7040/6093/3400",11
"hsa01523","Human Diseases","Drug resistance: antineoplastic","hsa01523","Antifolate resistance","6/218","30/8847",0.2,8.11651376146789,6.20567432935489,7.56149718142361e-05,0.00018720211468573,8.11402354674991e-05,"239/3569/3553/4790/7124/5970",6
"hsa04914","Organismal Systems","Endocrine system","hsa04914","Progesterone-mediated oocyte maturation","11/218","111/8847",0.0990990990990991,4.02169600793454,5.09187140880303,8.61123187126306e-05,0.000211140781458854,9.15161281865001e-05,"6790/5290/3480/1432/1017/5594/3845/207/3479/3320/673",11
"hsa05010","Human Diseases","Neurodegenerative disease","hsa05010","Alzheimer disease","23/218","391/8847",0.0588235294117647,2.3872099298435,4.4593294659972,9.1150911650926e-05,0.000221366499723677,9.59483280536063e-05,"1499/4513/3569/5743/5290/841/3553/4790/836/637/2475/5594/7124/5970/3845/207/55334/3667/673/4311/3265/201266/5609",23
"hsa00140","Metabolism","Lipid metabolism","hsa00140","Steroid hormone biosynthesis","8/218","62/8847",0.129032258064516,5.23646049126961,5.3204651427773,0.000128594736625481,0.000309355262636771,0.000134085872350303,"6716/3283/7367/1543/3284/8644/1586/1588",8
"hsa04810","Cellular Processes","Cell motility","hsa04810","Regulation of actin cytoskeleton","16/218","230/8847",0.0695652173913043,2.82313522138014,4.45272867805756,0.000172570810562329,0.000411266884984989,0.000178258092563153,"5290/2247/5594/387/3845/207/5747/2264/1956/2335/28964/673/3265/2260/6093/2248",16
"hsa04664","Organismal Systems","Immune system","hsa04664","Fc epsilon RI signaling pathway","8/218","69/8847",0.115942028985507,4.70522536896689,4.91092007265795,0.000274350602130908,0.000647772255031311,0.000280768160075491,"5290/1432/5594/7124/3845/207/3265/5609",8
"hsa04960","Organismal Systems","Excretory system","hsa04960","Aldosterone-regulated sodium reabsorption","6/218","38/8847",0.157894736842105,6.40777402221149,5.30968195880674,0.000298249077007581,0.000697738666393882,0.000302425428158339,"5290/5594/3845/3667/3479/2810",6
"hsa05120","Human Diseases","Infectious disease: bacterial","hsa05120","Epithelial cell signaling in Helicobacter pylori infection","8/218","71/8847",0.112676056338028,4.57268380927768,4.80393285659764,0.000334675590919261,0.000775838869858287,0.0003362769095361,"3579/4790/836/1432/5970/1956/28964/4792",8
"hsa04622","Organismal Systems","Immune system","hsa04622","RIG-I-like receptor signaling pathway","8/218","72/8847",0.111111111111111,4.50917431192661,4.75191985188822,0.000368660790400609,0.000846923437406804,0.000367087558009141,"6885/841/4790/1432/7124/5970/4792/3439",8
"hsa04662","Organismal Systems","Immune system","hsa04662","B cell receptor signaling pathway","9/218","91/8847",0.0989010989010989,4.01366065127533,4.59286465085738,0.000385940327818377,0.000878703424943626,0.00038086216561024,"5290/4790/5594/2353/5970/3845/207/3265/4792",9
"hsa04658","Organismal Systems","Immune system","hsa04658","Th1 and Th2 cell differentiation","9/218","92/8847",0.0978260869565217,3.97003390506582,4.55143898824502,0.000418799467565605,0.000945078444506454,0.000409631523934686,"4790/4851/1432/5594/2353/5970/2625/6772/4792",9
"hsa04912","Organismal Systems","Endocrine system","hsa04912","GnRH signaling pathway","9/218","93/8847",0.0967741935483871,3.9273453684522,4.51059305119926,0.000453928927142096,0.00101536733702837,0.000440097297783195,"4323/1432/5594/5580/3845/4313/1956/3265/5609",9
"hsa04148","Cellular Processes","Transport and catabolism","hsa04148","Efferocytosis","12/218","157/8847",0.0764331210191083,3.10185239291766,4.22341376754408,0.000486696652785919,0.00107919692574269,0.000467763373386925,"7057/5743/5468/836/1432/3091/5594/7040/5747/3586/682/8877",12
"hsa04928","Organismal Systems","Endocrine system","hsa04928","Parathyroid hormone synthesis, secretion and action","10/218","115/8847",0.0869565217391304,3.52891902672517,4.33858849642295,0.000523870710142716,0.00115161233695166,0.000499150858121463,"7421/4323/5594/2353/387/1956/673/2625/2260/1026",10
"hsa05100","Human Diseases","Infectious disease: bacterial","hsa05100","Bacterial invasion of epithelial cells","8/218","78/8847",0.102564102564103,4.16231474947071,4.45860336845469,0.000636508715022632,0.00138726258402368,0.000601290284096953,"1499/5290/999/387/857/5747/3611/2335",8
"hsa04371","Environmental Information Processing","Signal transduction","hsa04371","Apelin signaling pathway","11/218","140/8847",0.0785714285714286,3.18863040629096,4.148811029105,0.000661284279698655,0.00142904653663692,0.000619400975632103,"595/999/2475/5594/3845/207/7046/4088/5054/8877/3265",11
"hsa05231","Human Diseases","Cancer: overview","hsa05231","Choline metabolism in cancer","9/218","99/8847",0.0909090909090909,3.68932443703086,4.27688810531363,0.000719282815186871,0.00154132031825758,0.000668064534229292,"5290/3091/2475/5594/2353/3845/207/1956/3265",9
"hsa04623","Organismal Systems","Immune system","hsa04623","Cytosolic DNA-sensing pathway","8/218","83/8847",0.0963855421686747,3.91157289709296,4.23581524995281,0.000963937551049023,0.00203307437191714,0.000881208706094116,"3569/841/3553/4790/836/5970/4792/3439",8
"hsa04930","Human Diseases","Endocrine and metabolic disease","hsa04930","Type II diabetes mellitus","6/218","47/8847",0.127659574468085,5.18075346476674,4.5675533748745,0.000964713721576368,0.00203307437191714,0.000881208706094116,"5290/2475/5594/5580/7124/3667",6
"hsa04215","Cellular Processes","Cell growth and death","hsa04215","Apoptosis - multiple species","5/218","32/8847",0.15625,6.34102637614679,4.8107194806692,0.00101519343225544,0.0021219206985667,0.000919717949843154,"841/836/637/581/5366",5
"hsa04921","Organismal Systems","Endocrine system","hsa04921","Oxytocin signaling pathway","11/218","154/8847",0.0714285714285714,2.89875491480996,3.77803443024961,0.00145091187874062,0.00300798804129152,0.00130377190644215,"5743/595/5594/2353/387/3845/1956/3265/1026/6093/10645",11
"hsa04390","Environmental Information Processing","Signal transduction","hsa04390","Hippo signaling pathway","11/218","157/8847",0.0700636942675159,2.84336469350786,3.70401454041151,0.00169439263556775,0.00348443646830464,0.00151028206056548,"1499/4609/595/3397/999/7046/4088/7040/5054/6591/6657",11
"hsa05022","Human Diseases","Neurodegenerative disease","hsa05022","Pathways of neurodegeneration - multiple diseases","23/218","483/8847",0.0476190476190476,1.93250327653997,3.34995057551993,0.00179015430324919,0.00365191477862835,0.00158287327866244,"1499/4513/2876/3569/5743/841/3553/4790/836/637/356/1432/2475/8878/5594/7124/5970/3845/581/3309/673/3265/5609",23
"hsa04650","Organismal Systems","Immune system","hsa04650","Natural killer cell mediated cytotoxicity","10/218","135/8847",0.0740740740740741,3.00611620795107,3.73323662139598,0.00180668037738844,0.00365637695423851,0.00158480734858635,"5290/836/637/356/5594/7124/3845/673/3265/3439",10
"hsa04910","Organismal Systems","Endocrine system","hsa04910","Insulin signaling pathway","10/218","138/8847",0.072463768115942,2.94076585560431,3.65216189294209,0.0021276829463255,0.00427211930167718,0.00185169257657834,"5290/2194/2475/5594/3845/207/3667/673/3265/2203",10
"hsa05323","Human Diseases","Immune disease","hsa05323","Rheumatoid arthritis","8/218","94/8847",0.0851063829787234,3.45383564317782,3.80147739981737,0.00215989384405671,0.00430291351745673,0.00186503991468713,"3569/3553/7422/7099/2353/7124/7040/4312",8
"hsa04670","Organismal Systems","Immune system","hsa04670","Leukocyte transendothelial migration","9/218","116/8847",0.0775862068965517,3.14864757987979,3.70240282710405,0.00221044129344768,0.00436947697541984,0.00189389094909838,"1499/5290/1500/1432/387/4318/4313/5747/6093",9
"hsa04730","Organismal Systems","Nervous system","hsa04730","Long-term depression","6/218","60/8847",0.1,4.05825688073395,3.77790256842435,0.00345073699897725,0.00676875334414768,0.00293382497888754,"3480/5594/3845/3479/673/3265",6
"hsa04072","Environmental Information Processing","Signal transduction","hsa04072","Phospholipase D signaling pathway","10/218","149/8847",0.0671140939597315,2.72366233606305,3.3725399608364,0.00371864482976392,0.00723858344725039,0.00313746650964413,"3579/5290/2475/5594/387/3845/207/1956/8877/3265",10
"hsa04137","Cellular Processes","Transport and catabolism","hsa04137","Mitophagy - animal","8/218","105/8847",0.0761904761904762,3.09200524246396,3.42746869481389,0.00429847941201604,0.00830388068230372,0.00359920524929573,"7157/3091/8878/5970/3845/664/3265/665",8
"hsa04929","Organismal Systems","Endocrine system","hsa04929","GnRH secretion","6/218","65/8847",0.0923076923076923,3.74608327452364,3.53179221375194,0.00514366784187834,0.00986191954645847,0.00427451621208726,"5290/5594/3845/207/3265/2100",6
"hsa04726","Organismal Systems","Nervous system","hsa04726","Serotonergic synapse","8/218","115/8847",0.0695652173913043,2.82313522138014,3.1277527731468,0.00740318971263336,0.0140881595277724,0.00610632301513357,"239/5743/836/5594/3845/247/673/3265",8
"hsa04020","Environmental Information Processing","Signal transduction","hsa04020","Calcium signaling pathway","13/218","254/8847",0.0511811023622047,2.07706060824966,2.76825488394831,0.0100309752474148,0.0189473976895613,0.00821249435460862,"2064/1910/7422/2247/2264/1956/7039/3791/8877/2925/2260/4486/2248",13
"hsa04310","Environmental Information Processing","Signal transduction","hsa04310","Wnt signaling pathway","10/218","174/8847",0.0574712643678161,2.33233154065169,2.8211341618807,0.0108077620478712,0.0202645538397586,0.00878339794912136,"7157/1499/4609/595/6885/387/84445/4088/4316/55366",10
"hsa04640","Organismal Systems","Immune system","hsa04640","Hematopoietic cell lineage","7/218","99/8847",0.0707070707070707,2.86947456213511,2.97306394419615,0.0109882815026771,0.0204526407531582,0.00886492168867537,"3569/3553/960/7124/928/4311/925",7
"hsa04714","Organismal Systems","Environmental adaptation","hsa04714","Thermogenesis","12/218","235/8847",0.051063829787234,2.07230138590669,2.64801394391366,0.0133559852587415,0.0246795379781092,0.0106970133651247,"4513/5468/23028/8289/1432/6597/6595/2475/3845/6605/3265/2260",12
"hsa03440","Genetic Information Processing","Replication and repair","hsa03440","Homologous recombination","4/218","41/8847",0.0975609756097561,3.95927500559409,3.01862659277174,0.01781060788869,0.0326741367742155,0.0141621645460996,"672/675/7517/4683",4
"hsa03430","Genetic Information Processing","Replication and repair","hsa03430","Mismatch repair","3/218","23/8847",0.130434782608696,5.29337854008775,3.27681429312359,0.0181689529807794,0.0330934500721338,0.0143439102479837,"5111/4292/4436",3
"hsa05020","Human Diseases","Neurodegenerative disease","hsa05020","Prion disease","13/218","278/8847",0.0467625899280576,1.89774602336479,2.41730970932772,0.019942904204141,0.0360669544117444,0.0156327356583412,"4513/3569/5290/3553/836/4851/1432/5594/5580/7124/857/581/3309",13
"hsa04613","Organismal Systems","Immune system","hsa04613","Neutrophil extracellular trap formation","10/218","192/8847",0.0520833333333333,2.1136754587156,2.47968895496246,0.0202979694600389,0.036450578959929,0.0157990125522912,"6885/5290/4790/1432/2475/7099/10013/5594/5970/207",10
"hsa05332","Human Diseases","Immune disease","hsa05332","Graft-versus-host disease","4/218","44/8847",0.0909090909090909,3.68932443703086,2.84233763354339,0.0225555678151366,0.0402214670829359,0.017433453224802,"3569/3553/356/7124",4
"hsa04024","Environmental Information Processing","Signal transduction","hsa04024","cAMP signaling pathway","11/218","226/8847",0.0486725663716814,1.97525777380856,2.36056681571833,0.0239836215982207,0.0424709965801824,0.0184084814898624,"5290/4790/5594/2353/5970/387/207/673/4792/1395/6093",11
"hsa05416","Human Diseases","Cardiovascular disease","hsa05416","Viral myocarditis","5/218","69/8847",0.072463768115942,2.94076585560431,2.57229859118498,0.0272648905863696,0.0479486006863741,0.0207826752201002,"595/841/836/637/857",5
"hsa05204","Human Diseases","Cancer: overview","hsa05204","Chemical carcinogenesis - DNA adducts","5/218","71/8847",0.0704225352112676,2.85792738079855,2.49822230744653,0.0303776648452178,0.0530568803803462,0.0229967902577352,"7367/5743/2950/1543/9",5
"hsa04750","Organismal Systems","Sensory system","hsa04750","Inflammatory mediator regulation of TRP channels","6/218","99/8847",0.0606060606060606,2.45954962468724,2.32115186363741,0.0352253409953467,0.0611051833592749,0.0264852187934938,"239/5290/3553/1432/5580/3479",6
"hsa04916","Organismal Systems","Endocrine system","hsa04916","Melanogenesis","6/218","101/8847",0.0594059405940594,2.41084567172314,2.26650635112972,0.038285388844564,0.0659646902389447,0.0285915066051153,"1499/1910/5594/3845/4157/3265",6
"hsa03460","Genetic Information Processing","Replication and repair","hsa03460","Fanconi anemia pathway","4/218","55/8847",0.0727272727272727,2.95145954962469,2.3073768892065,0.046068863167565,0.0788426852867723,0.0341733001242976,"672/675/2067/4292",4
"hsa04612","Organismal Systems","Immune system","hsa04612","Antigen processing and presentation","5/218","80/8847",0.0625,2.53641055045872,2.19405874186755,0.0470887190072978,0.0800508223124063,0.0346969508474826,"7124/3309/3320/925/1508",5
"hsa04114","Cellular Processes","Cell growth and death","hsa04114","Oocyte meiosis","7/218","139/8847",0.0503597122302158,2.04372648670055,1.97131657943207,0.0558606773354133,0.0943342564273536,0.0408879130025681,"367/6790/3480/1432/1017/5594/3479",7
"hsa04923","Organismal Systems","Endocrine system","hsa04923","Regulation of lipolysis in adipocytes","4/218","59/8847",0.0677966101694915,2.75136059710776,2.14525061946865,0.0570493838287876,0.0957078478706634,0.0414832777148386,"5743/5290/207/3667",4
"hsa00590","Metabolism","Lipid metabolism","hsa00590","Arachidonic acid metabolism","4/218","61/8847",0.0655737704918033,2.66115205294029,2.06918911495622,0.0630210968017786,0.105035161336298,0.0455260761209959,"239/5743/247/8644",4
"hsa04725","Organismal Systems","Nervous system","hsa04725","Cholinergic synapse","6/218","115/8847",0.0521739130434783,2.1173514160351,1.91691704987066,0.0644099905566198,0.106652906441156,0.0462272659497271,"5290/5594/2353/3845/207/3265",6
"hsa04610","Organismal Systems","Immune system","hsa04610","Complement and coagulation cascades","5/218","88/8847",0.0568181818181818,2.30582777314429,1.95668742495326,0.0657514965333039,0.108171816877371,0.0468856172223899,"2/5054/7056/5328/1191",5
"hsa05330","Human Diseases","Immune disease","hsa05330","Allograft rejection","3/218","38/8847",0.0789473684210526,3.20388701110575,2.16391052104859,0.0662782296737443,0.108339413889774,0.0469582598903046,"356/7124/3586",3
"hsa03082","Genetic Information Processing","Chromosome","hsa03082","ATP-dependent chromatin remodeling","6/218","117/8847",0.0512820512820513,2.08115737473536,1.87109657538192,0.0688265682904527,0.111788375248824,0.0484531657425245,"8289/6597/6595/8932/64769/6605",6
"hsa05217","Human Diseases","Cancer: specific types","hsa05217","Basal cell carcinoma","4/218","63/8847",0.0634920634920635,2.57667103538663,1.99612015777983,0.0693087121426601,0.111858997445432,0.0484837759825404,"7157/1499/581/1026",4
"hsa04720","Organismal Systems","Nervous system","hsa04720","Long-term potentiation","4/218","67/8847",0.0597014925373134,2.42283992879639,1.85809394206762,0.0828105266876974,0.132809335253854,0.0575644177570886,"5594/3845/673/3265",4
"hsa04360","Organismal Systems","Development and regeneration","hsa04360","Axon guidance","8/218","184/8847",0.0434782608695652,1.76445951336258,1.66552334252026,0.0846520193529567,0.134914155843775,0.0584767238951346,"5290/5594/387/3845/5747/3611/3265/6093",8
"hsa04940","Human Diseases","Endocrine and metabolic disease","hsa04940","Type I diabetes mellitus","3/218","43/8847",0.0697674418604651,2.83134200981438,1.91330915087198,0.0888160002114968,0.140671304682805,0.060972082525055,"3553/356/7124",3
"hsa04611","Organismal Systems","Immune system","hsa04611","Platelet activation","6/218","126/8847",0.0476190476190476,1.93250327653997,1.67561398188719,0.0908183657183939,0.142954834927101,0.0619618479560192,"5290/1432/5594/387/207/6093",6
"hsa04144","Cellular Processes","Transport and catabolism","hsa04144","Endocytosis","10/218","252/8847",0.0396825396825397,1.61041939711664,1.56252557797589,0.0933866647823777,0.145415202288668,0.0630282610539118,"3579/3480/387/7046/4088/857/2264/1956/28964/3265",10
"hsa03410","Genetic Information Processing","Replication and repair","hsa03410","Base excision repair","3/218","44/8847",0.0681818181818182,2.76699332777314,1.86752909563215,0.0936643245331816,0.145415202288668,0.0630282610539118,"7515/142/5111",3
"hsa04666","Organismal Systems","Immune system","hsa04666","Fc gamma R-mediated phagocytosis","5/218","98/8847",0.0510204081632653,2.07053922486426,1.69378348491569,0.0940921897161969,0.145415202288668,0.0630282610539118,"5290/5594/5580/207/8877",5
"hsa04614","Organismal Systems","Endocrine system","hsa04614","Renin-angiotensin system","2/218","23/8847",0.0869565217391304,3.52891902672517,1.93013449327854,0.10910802996116,0.167605708675275,0.0726464371967137,"3817/4311",2
"hsa04672","Organismal Systems","Immune system","hsa04672","Intestinal immune network for IgA production","3/218","49/8847",0.0612244897959184,2.48464706983711,1.65634486824831,0.119447372361122,0.182389700311893,0.0790543592683129,"3569/7040/3586",3
"hsa04530","Cellular Processes","Cellular community - eukaryotes","hsa04530","Tight junction","7/218","170/8847",0.0411764705882353,1.67104695089045,1.40415176156573,0.126667653047816,0.192161597717645,0.0832898565958834,"2064/595/1019/5111/387/5609/6093",7
"hsa05014","Human Diseases","Neurodegenerative disease","hsa05014","Amyotrophic lateral sclerosis","13/218","371/8847",0.0350404312668464,1.42203071292564,1.3199485952062,0.127354156918753,0.192161597717645,0.0832898565958834,"7157/4513/2876/836/637/1432/2475/10013/8878/7124/581/3309/145957",13
"hsa04950","Human Diseases","Endocrine and metabolic disease","hsa04950","Maturity onset diabetes of the young","2/218","26/8847",0.0769230769230769,3.12173606210303,1.72202955411183,0.133724412230874,0.200586618346312,0.0869415683234787,"6928/3087",2
"hsa04961","Organismal Systems","Excretory system","hsa04961","Endocrine and other factor-regulated calcium reabsorption","3/218","53/8847",0.0566037735849057,2.2971265362645,1.50538827139255,0.141737142190663,0.21013355382918,0.0910795589352484,"3817/7421/2099",3
"hsa05320","Human Diseases","Immune disease","hsa05320","Autoimmune thyroid disease","3/218","53/8847",0.0566037735849057,2.2971265362645,1.50538827139255,0.141737142190663,0.21013355382918,0.0910795589352484,"356/3586/3439",3
"hsa03083","Genetic Information Processing","Chromosome","hsa03083","Polycomb repressive complex","4/218","83/8847",0.0481927710843374,1.95578644854648,1.39049749312258,0.148050089892038,0.218224120939131,0.0945863062894065,"8314/648/2146/57332",4
"hsa04340","Environmental Information Processing","Signal transduction","hsa04340","Hedgehog signaling pathway","3/218","56/8847",0.0535714285714286,2.17406618610747,1.40084128807621,0.159291825099194,0.233444916093646,0.10118355496319,"595/8405/8452",3
"hsa04512","Environmental Information Processing","Signaling molecules and interaction","hsa04512","ECM-receptor interaction","4/218","89/8847",0.0449438202247191,1.82393567673436,1.24167323887694,0.176454315815301,0.256508539831455,0.11118017206317,"7057/3914/960/2335",4
"hsa05310","Human Diseases","Immune disease","hsa05310","Asthma","2/218","31/8847",0.0645161290322581,2.6182302456348,1.43452080124863,0.177041188275828,0.256508539831455,0.11118017206317,"7124/3586",2
"hsa04540","Cellular Processes","Cellular community - eukaryotes","hsa04540","Gap junction","4/218","92/8847",0.0434782608695652,1.76445951336258,1.17149869168789,0.191305707902554,0.275609918164696,0.119459407254048,"5594/3845/1956/3265",4
"hsa04710","Organismal Systems","Environmental adaptation","hsa04710","Circadian rhythm","2/218","34/8847",0.0588235294117647,2.3872099298435,1.28807526988065,0.203961333977444,0.292191798675551,0.126646600045131,"5187/9575",2
"hsa04927","Organismal Systems","Endocrine system","hsa04927","Cortisol synthesis and secretion","3/218","65/8847",0.0461538461538462,1.87304163726182,1.12283618103221,0.215355976745126,0.306792033910655,0.132974875379231,"3283/3284/1586",3
"hsa04022","Environmental Information Processing","Signal transduction","hsa04022","cGMP-PKG signaling pathway","6/218","166/8847",0.036144578313253,1.46683983640986,0.965069418924355,0.225891792781509,0.320013373107138,0.138705486795664,"1910/5594/387/207/3667/6093",6
"hsa05410","Human Diseases","Cardiovascular disease","hsa05410","Hypertrophic cardiomyopathy","4/218","99/8847",0.0404040404040404,1.63969974979149,1.01732770251994,0.227364447107297,0.320320077416357,0.138838423647957,"3569/7124/7040/3479",4
"hsa04061","Environmental Information Processing","Signaling molecules and interaction","hsa04061","Viral protein interaction with cytokine and cytokine receptor","4/218","100/8847",0.04,1.62330275229358,0.996301905996718,0.232654340286285,0.325971740511003,0.141288060902602,"3579/3569/7124/3586",4
"hsa04270","Organismal Systems","Circulatory system","hsa04270","Vascular smooth muscle contraction","5/218","134/8847",0.0373134328358209,1.51427495549774,0.953422501218831,0.235128253519266,0.327637730313731,0.142010161745889,"5594/5580/387/673/6093",5
"hsa05016","Human Diseases","Neurodegenerative disease","hsa05016","Huntington disease","10/218","311/8847",0.0321543408360129,1.30490574943214,0.870041733074666,0.237671231433575,0.32938132617153,0.142765899888589,"7157/4513/2876/841/5468/836/6648/2475/581/5609",10
"hsa04120","Genetic Information Processing","Folding, sorting and degradation","hsa04120","Ubiquitin mediated proteolysis","5/218","142/8847",0.0352112676056338,1.42896369039928,0.819033748231631,0.272357118777323,0.375411163720094,0.162716913067533,"672/55294/8452/7428/9040",5
"hsa03320","Organismal Systems","Endocrine system","hsa03320","PPAR signaling pathway","3/218","76/8847",0.0394736842105263,1.60194350555287,0.837643945228887,0.288295655675693,0.395244044071514,0.171313207956694,"5468/3611/4312",3
"hsa00980","Metabolism","Xenobiotics biodegradation and metabolism","hsa00980","Metabolism of xenobiotics by cytochrome P450","3/218","79/8847",0.0379746835443038,1.54111020787365,0.767839556492585,0.308593061097573,0.420808719678508,0.182393872306474,"7367/2950/1543",3
"hsa04060","Environmental Information Processing","Signaling molecules and interaction","hsa04060","Cytokine-cytokine receptor interaction","9/218","298/8847",0.0302013422818792,1.22564805122837,0.629801282214188,0.313850431433045,0.42570138306078,0.184514531357614,"3579/3569/3553/356/7124/7046/7040/3586/3439",9
"hsa05034","Human Diseases","Substance dependence","hsa05034","Alcoholism","6/218","188/8847",0.0319148936170213,1.29518836619168,0.650228157004236,0.318305506009794,0.429459809695754,0.186143570765961,"10013/5594/3845/673/3265/10645",6
"hsa00983","Metabolism","Xenobiotics biodegradation and metabolism","hsa00983","Drug metabolism - other enzymes","3/218","81/8847",0.037037037037037,1.50305810397554,0.722905294889907,0.322156176032811,0.432367499412457,0.187403869714378,"7367/2950/9",3
"hsa03272",NA,NA,"hsa03272","Virion - Hepatitis viruses","2/218","48/8847",0.0416666666666667,1.69094036697248,0.762897173710567,0.332110740879465,0.443393921069443,0.19218312368335,"1956/928",2
"hsa05030","Human Diseases","Substance dependence","hsa05030","Cocaine addiction","2/218","49/8847",0.0408163265306122,1.65643137989141,0.732346945971191,0.341160245922799,0.453103451616217,0.196391588935822,"4790/5970",2
"hsa00120","Metabolism","Lipid metabolism","hsa00120","Primary bile acid biosynthesis","1/218","17/8847",0.0588235294117647,2.3872099298435,0.909929568056994,0.34592638205279,0.457052991831406,0.198103463951693,"23600",1
"hsa05012","Human Diseases","Neurodegenerative disease","hsa05012","Parkinson disease","8/218","271/8847",0.029520295202952,1.19800941128677,0.526198458683113,0.351958593979067,0.462625986931248,0.200519003623451,"7157/4513/836/55334/7295/581/3309/201266",8
"hsa00061","Metabolism","Lipid metabolism","hsa00061","Fatty acid biosynthesis","1/218","18/8847",0.0555555555555556,2.2545871559633,0.846842822612327,0.362074518939821,0.473482063228997,0.205224423690587,"2194",1
"hsa04973","Organismal Systems","Digestive system","hsa04973","Carbohydrate digestion and absorption","2/218","52/8847",0.0384615384615385,1.56086803105152,0.644712240922418,0.368064923912702,0.478859977539484,0.207555408221448,"5290/207",2
"hsa00600","Metabolism","Lipid metabolism","hsa00600","Sphingolipid metabolism","2/218","54/8847",0.037037037037037,1.50305810397554,0.589342787322407,0.385764610433122,0.499339977971807,0.216432188594591,"8879/8877",2
"hsa04728","Organismal Systems","Nervous system","hsa04728","Dopaminergic synapse","4/218","132/8847",0.0303030303030303,1.22977481234362,0.422743724931394,0.41025065690104,0.528353118736188,0.229007543724664,"1432/2353/207/9575",4
"hsa00480","Metabolism","Metabolism of other amino acids","hsa00480","Glutathione metabolism","2/218","58/8847",0.0344827586206897,1.39939892439102,0.4850345052545,0.420491368421624,0.538820597726202,0.233544531522193,"2876/2950",2
"hsa04713","Organismal Systems","Environmental adaptation","hsa04713","Circadian entrainment","3/218","97/8847",0.0309278350515464,1.25513099404143,0.401574883088868,0.429529056726594,0.547649547326408,0.237371320822592,"5594/2353/5187",3
"hsa03420","Genetic Information Processing","Replication and repair","hsa03420","Nucleotide excision repair","2/218","63/8847",0.0317460317460317,1.28833551769332,0.365042755371207,0.462446472437377,0.586685823241448,0.254291068897222,"2067/5111",2
"hsa05414","Human Diseases","Cardiovascular disease","hsa05414","Dilated cardiomyopathy","3/218","105/8847",0.0285714285714286,1.15950196592398,0.261322478485685,0.481082833483834,0.607307537318701,0.263229273141233,"7124/7040/3479",3
"hsa00790","Metabolism","Metabolism of cofactors and vitamins","hsa00790","Folate biosynthesis","1/218","27/8847",0.037037037037037,1.50305810397554,0.416089943050152,0.490664741133387,0.616352261029624,0.267149586823986,"8644",1
"hsa00830","Metabolism","Metabolism of cofactors and vitamins","hsa00830","Retinol metabolism","2/218","68/8847",0.0294117647058824,1.19360496492175,0.254724021192981,0.502580284214509,0.628225355268136,0.272295819620864,"7367/1543",2
"hsa00053","Metabolism","Carbohydrate metabolism","hsa00053","Ascorbate and aldarate metabolism","1/218","30/8847",0.0333333333333333,1.35275229357798,0.307603684367276,0.527510070783875,0.656171063657991,0.284408510563835,"7367",1
"hsa00030","Metabolism","Carbohydrate metabolism","hsa00030","Pentose phosphate pathway","1/218","31/8847",0.032258064516129,1.3091151228174,0.274022856054169,0.539192366867477,0.659756512565504,0.285962575105791,"2203",1
"hsa03060","Genetic Information Processing","Folding, sorting and degradation","hsa03060","Protein export","1/218","31/8847",0.032258064516129,1.3091151228174,0.274022856054169,0.539192366867477,0.659756512565504,0.285962575105791,"3309",1
"hsa00562","Metabolism","Carbohydrate metabolism","hsa00562","Inositol phosphate metabolism","2/218","73/8847",0.0273972602739726,1.11185120020108,0.15251927894923,0.54074161225957,0.659756512565504,0.285962575105791,"5728/5290",2
"hsa00982","Metabolism","Xenobiotics biodegradation and metabolism","hsa00982","Drug metabolism - cytochrome P450","2/218","73/8847",0.0273972602739726,1.11185120020108,0.15251927894923,0.54074161225957,0.659756512565504,0.285962575105791,"7367/2950",2
"hsa00640","Metabolism","Carbohydrate metabolism","hsa00640","Propanoate metabolism","1/218","32/8847",0.03125,1.26820527522936,0.241575354903032,0.550587110971707,0.665401484823627,0.288409312307454,"79611",1
"hsa04136","Cellular Processes","Transport and catabolism","hsa04136","Autophagy - other","1/218","32/8847",0.03125,1.26820527522936,0.241575354903032,0.550587110971707,0.665401484823627,0.288409312307454,"2475",1
"hsa04918","Organismal Systems","Endocrine system","hsa04918","Thyroid hormone synthesis","2/218","75/8847",0.0266666666666667,1.08220183486239,0.113627725055145,0.55543171809998,0.668090038280636,0.289574629595322,"2876/3309",2
"hsa00051","Metabolism","Carbohydrate metabolism","hsa00051","Fructose and mannose metabolism","1/218","34/8847",0.0294117647058824,1.19360496492175,0.179769306776768,0.572541955701531,0.685437552600424,0.297093676049719,"2203",1
"hsa00040","Metabolism","Carbohydrate metabolism","hsa00040","Pentose and glucuronate interconversions","1/218","36/8847",0.0277777777777778,1.12729357798165,0.121637258536009,0.593428936080614,0.703834319537473,0.305067506920267,"7367",1
"hsa03030","Genetic Information Processing","Replication and repair","hsa03030","DNA replication","1/218","36/8847",0.0277777777777778,1.12729357798165,0.121637258536009,0.593428936080614,0.703834319537473,0.305067506920267,"5111",1
"hsa04141","Genetic Information Processing","Folding, sorting and degradation","hsa04141","Protein processing in endoplasmic reticulum","4/218","170/8847",0.0235294117647059,0.954883971937399,-0.0944043486001809,0.607437698060518,0.717113949099223,0.310823383510499,"581/3309/3320/5609",4
"hsa04146","Cellular Processes","Transport and catabolism","hsa04146","Peroxisome","2/218","83/8847",0.0240963855421687,0.97789322427324,-0.0321613852925311,0.610830859961086,0.71739192620577,0.310943868943678,"23600/6648",2
"hsa05340","Human Diseases","Immune disease","hsa05340","Primary immunodeficiency","1/218","38/8847",0.0263157894736842,1.06796233703525,0.0667295625431536,0.613299764364149,0.71739192620577,0.310943868943678,"925",1
"hsa00380","Metabolism","Amino acid metabolism","hsa00380","Tryptophan metabolism","1/218","42/8847",0.0238095238095238,0.966251638269987,-0.0348444922405476,0.650187467446516,0.753626382722098,0.326649206133417,"1543",1
"hsa04216","Cellular Processes","Cell growth and death","hsa04216","Ferroptosis","1/218","42/8847",0.0238095238095238,0.966251638269987,-0.0348444922405476,0.650187467446516,0.753626382722098,0.326649206133417,"7157",1
"hsa02010","Environmental Information Processing","Membrane transport","hsa02010","ABC transporters","1/218","45/8847",0.0222222222222222,0.901834862385321,-0.104928710166941,0.675534956074311,0.779463410854975,0.337847918017636,"1672",1
"hsa00860","Metabolism","Metabolism of cofactors and vitamins","hsa00860","Porphyrin metabolism","1/218","46/8847",0.0217391304347826,0.882229756681292,-0.127282869468806,0.683571013740274,0.785182921188152,0.340326962744091,"7367",1
"hsa05017","Human Diseases","Neurodegenerative disease","hsa05017","Spinocerebellar ataxia","3/218","144/8847",0.0208333333333333,0.845470183486238,-0.297153276333749,0.693780546694013,0.79333649958284,0.343861021491014,"5290/2475/207",3
"hsa04070","Environmental Information Processing","Signal transduction","hsa04070","Phosphatidylinositol signaling system","2/218","98/8847",0.0204081632653061,0.828215689945703,-0.271793336086774,0.700264121749027,0.793632671315563,0.343989393139873,"5728/5290",2
"hsa04925","Organismal Systems","Endocrine system","hsa04925","Aldosterone synthesis and secretion","2/218","98/8847",0.0204081632653061,0.828215689945703,-0.271793336086774,0.700264121749027,0.793632671315563,0.343989393139873,"3283/3284",2
"hsa05150","Human Diseases","Infectious disease: bacterial","hsa05150","Staphylococcus aureus infection","2/218","100/8847",0.02,0.811651376146789,-0.301060908597478,0.710811076763577,0.802021347675718,0.347625351933748,"1672/3586",2
"hsa04723","Organismal Systems","Nervous system","hsa04723","Retrograde endocannabinoid signaling","3/218","149/8847",0.0201342281879195,0.817098700818915,-0.35786704128258,0.715706358574444,0.80398731910345,0.348477475772393,"5743/1432/5594",3
"hsa04974","Organismal Systems","Digestive system","hsa04974","Protein digestion and absorption","2/218","105/8847",0.019047619047619,0.77300131061599,-0.371906764779956,0.735830182698654,0.820015304363919,0.355424590126776,"1302/4311",2
"hsa04261","Organismal Systems","Circulatory system","hsa04261","Adrenergic signaling in cardiomyocytes","3/218","154/8847",0.0194805194805195,0.790569522220898,-0.416712841463409,0.736405900781716,0.820015304363919,0.355424590126776,"1432/5594/207",3
"hsa04922","Organismal Systems","Endocrine system","hsa04922","Glucagon signaling pathway","2/218","107/8847",0.0186915887850467,0.758552687987653,-0.39937421990074,0.745312377716251,0.822426359741917,0.3564696296095,"207/2203",2
"hsa04145","Cellular Processes","Transport and catabolism","hsa04145","Phagosome","3/218","157/8847",0.0191082802547771,0.775463098229416,-0.451179276649006,0.748246727294607,0.822426359741917,0.3564696296095,"7057/83547/7099",3
"hsa04514","Environmental Information Processing","Signaling molecules and interaction","hsa04514","Cell adhesion molecules","3/218","157/8847",0.0191082802547771,0.775463098229416,-0.451179276649006,0.748246727294607,0.822426359741917,0.3564696296095,"999/925/29126",3
"hsa01212","Metabolism","Global and overview maps","hsa01212","Fatty acid metabolism","1/218","57/8847",0.0175438596491228,0.711974891356832,-0.34673271420194,0.759903805072873,0.831654378942415,0.360469390253678,"2194",1
"hsa04978","Organismal Systems","Digestive system","hsa04978","Mineral absorption","1/218","61/8847",0.0163934426229508,0.665288013235073,-0.416928961098693,0.782854474164003,0.85311064492231,0.369769319780568,"7421",1
"hsa04330","Environmental Information Processing","Signal transduction","hsa04330","Notch signaling pathway","1/218","62/8847",0.0161290322580645,0.654557561408701,-0.433832548928173,0.788242332647072,0.855326786489376,0.370729876496943,"4851",1
"hsa00310","Metabolism","Amino acid metabolism","hsa00310","Lysine degradation","1/218","63/8847",0.0158730158730159,0.644167758846658,-0.450495945833103,0.793497104585938,0.85738034605684,0.371619964235163,"2146",1
"hsa03250","Genetic Information Processing","Information processing in viruses","hsa03250","Viral life cycle - HIV-1","1/218","64/8847",0.015625,0.634102637614679,-0.466927340377907,0.79862206260054,0.85927690279805,0.372442001212777,"22936",1
"hsa00010","Metabolism","Carbohydrate metabolism","hsa00010","Glycolysis / Gluconeogenesis","1/218","67/8847",0.0149253731343284,0.605709982199096,-0.514905351379434,0.813249589301436,0.87133884568011,0.377670087910884,"2203",1
"hsa04924","Organismal Systems","Endocrine system","hsa04924","Renin secretion","1/218","69/8847",0.0144927536231884,0.588153171120862,-0.545863384112319,0.822408685753642,0.873809228613245,0.378740842123388,"1508",1
"hsa05031","Human Diseases","Substance dependence","hsa05031","Amphetamine addiction","1/218","69/8847",0.0144927536231884,0.588153171120862,-0.545863384112319,0.822408685753642,0.873809228613245,0.378740842123388,"2353",1
"hsa04820",NA,NA,"hsa04820","Cytoskeleton in muscle cells","4/218","232/8847",0.0172413793103448,0.699699462195508,-0.736705549505628,0.828792197829374,0.876937802682532,0.380096880419673,"7057/2335/1302/7431",4
"hsa05322","Human Diseases","Immune disease","hsa05322","Systemic lupus erythematosus","2/218","139/8847",0.0143884892086331,0.583921853343014,-0.785858900100532,0.861442465273202,0.907718300184572,0.393438272525821,"7124/3586",2
"hsa05412","Human Diseases","Cardiovascular disease","hsa05412","Arrhythmogenic right ventricular cardiomyopathy","1/218","86/8847",0.0116279069767442,0.471890334969063,-0.782200304971032,0.884234449339405,0.927107935354415,0.401842448760428,"1499",1
"hsa04260","Organismal Systems","Circulatory system","hsa04260","Cardiac muscle contraction","1/218","87/8847",0.0114942528735632,0.466466308130339,-0.794860476492451,0.887115044025401,0.927107935354415,0.401842448760428,"4513",1
"hsa04976","Organismal Systems","Digestive system","hsa04976","Bile secretion","1/218","90/8847",0.0111111111111111,0.450917431192661,-0.832152105743916,0.895335680475563,0.929111851557985,0.402711019251139,"7367",1
"hsa04080","Environmental Information Processing","Signaling molecules and interaction","hsa04080","Neuroactive ligand-receptor interaction","6/218","368/8847",0.016304347826087,0.661672317510969,-1.05368453374363,0.89631966856182,0.929111851557985,0.402711019251139,"1910/6863/4157/2925/7349/1395",6
"hsa04970","Organismal Systems","Digestive system","hsa04970","Salivary secretion","1/218","97/8847",0.0103092783505155,0.418376998013809,-0.915471638018534,0.912272914948621,0.941820215837646,0.40821928859836,"653247",1
"hsa04972","Organismal Systems","Digestive system","hsa04972","Pancreatic secretion","1/218","106/8847",0.00943396226415094,0.38285442271075,-1.01597137846358,0.930100646601706,0.956353487433206,0.414518539444733,"387",1
"hsa01200","Metabolism","Global and overview maps","hsa01200","Carbon metabolism","1/218","116/8847",0.00862068965517241,0.349849731097754,-1.12029455931568,0.945708778735572,0.964622954310283,0.418102828493621,"2203",1
"hsa04724","Organismal Systems","Nervous system","hsa04724","Glutamatergic synapse","1/218","116/8847",0.00862068965517241,0.349849731097754,-1.12029455931568,0.945708778735572,0.964622954310283,0.418102828493621,"5594",1
"hsa00230","Metabolism","Nucleotide metabolism","hsa00230","Purine metabolism","1/218","128/8847",0.0078125,0.317051318807339,-1.2370327470517,0.959925398828554,0.975223014746141,0.422697281933312,"2272",1
"hsa04142","Cellular Processes","Transport and catabolism","hsa04142","Lysosome","1/218","132/8847",0.00757575757575758,0.307443703085905,-1.27417720722289,0.963786133449764,0.975259777895594,0.422713216425335,"1508",1
"hsa00190","Metabolism","Energy metabolism","hsa00190","Oxidative phosphorylation","1/218","138/8847",0.0072463768115942,0.294076585560431,-1.32841712260492,0.968893935247708,0.976553175842551,0.423273822346617,"4513",1
"hsa01240","Metabolism","Global and overview maps","hsa01240","Biosynthesis of cofactors","1/218","153/8847",0.0065359477124183,0.265245547760389,-1.45713437494943,0.978739731586571,0.98259303761644,0.425891719090717,"7367",1
"hsa03008","Genetic Information Processing","Translation","hsa03008","Ribosome biogenesis in eukaryotes","1/218","168/8847",0.00595238095238095,0.241562909567497,-1.5774690240797,0.985478771092759,0.985478771092759,0.427142501402434,"25996",1
